evidence_id,date,evidence_type,observation,source_url,geography,cluster,interpretation,limitations
S01,2026-09-01,Google Autocomplete,"Australian suggestions include off grid battery cost; system cost; lithium battery price; and solar battery price Australia","https://suggestqueries.google.com/complete/search?client=firefox&hl=en&gl=au&q=off%20grid%20battery%20cost",Australia,cost,Cost is an established research decision,No volume or performance data
S02,2026-09-01,Google Autocomplete,"Suggestions include off grid battery size calculator; house battery size; battery bank size; and best battery type","https://suggestqueries.google.com/complete/search?client=firefox&hl=en&gl=au&q=off%20grid%20battery%20size",Australia,sizing,Sizing and selection are distinct buyer questions,No volume or performance data
S03,2026-09-01,Google Autocomplete,"Suggestions include off grid solar system Perth; packages with batteries Australia; cost; kit; and calculator","https://suggestqueries.google.com/complete/search?client=firefox&hl=en&gl=au&q=off%20grid%20solar%20system",Australia,system_package,Searchers move between local provider and complete-system research,No volume or performance data
S04,2026-09-01,Google Autocomplete,"Suggestions include generator backup; best system with generator backup; and packages with batteries and generator backup cost","https://suggestqueries.google.com/complete/search?client=firefox&hl=en&gl=au&q=off%20grid%20solar%20system%20with%20generator",Australia,generator,Generator policy is part of the complete-system decision,No volume or performance data
S05,2026-09-01,Google Autocomplete,"Suggestions include best off grid battery Australia; reviews; and best off grid solar battery Australia","https://suggestqueries.google.com/complete/search?client=firefox&hl=en&gl=au&q=best%20off%20grid%20battery%20australia",Australia,comparison,Buyers seek comparison and proof,No volume or proof that any product wins
S06,2026-09-01,Google Autocomplete,"Suggestions include off grid solar installers near me; installation cost; installation guide; and system installers","https://suggestqueries.google.com/complete/search?client=firefox&hl=en&gl=au&q=off%20grid%20solar%20installer",Australia,local,Installer research spans education and transaction,No volume or provider preference data
S07,2026-09-01,Google Autocomplete,"Suggestions include off grid solar batteries Australia; price Australia; and complete lithium-battery packages","https://suggestqueries.google.com/complete/search?client=firefox&hl=en&gl=au&q=off%20grid%20solar%20batteries%20australia",Australia,cost,Buyers compare the battery within a complete system,No volume or performance data
R01,2026-09-01,current search result,"A current Australian cost result leads with an off-grid cost guide and calculator using daily use and backup days","https://newlifeinaus.com.au/off-grid-solar-systems-australia-guide/",Australia,cost,Calculators are a common answer format,Third-party page and its figures were not adopted
R02,2026-09-01,current search result,"A current Australian sizing result offers a wizard based on daily kWh; reserve days; winter sun; battery blocks; and array size","https://lifepo4.com.au/off-grid-battery-sizing-wizard/",Australia,sizing,Sizing content asks for property inputs rather than one battery number,Commercial third-party page
R03,2026-09-01,current search result,"A current Australian sizing result is an off-grid solar and battery storage estimator","https://www.solarchoice.net.au/blog/off-grid-solar-battery-storage-sizing-calculator",Australia,sizing,Estimator format matches sizing intent,Commercial third-party page
R04,2026-09-01,current search result,"A Perth and regional WA result positions one integrated design across solar; battery storage; and diesel gensets","https://statewidepower.com.au/",Western Australia,local,WA competitors answer with integrated system design,Competitor positioning does not prove performance
C01,2026-09-01,public buyer question,"An Australian buyer asks others to sanity-check daily energy; peak loads; panel size; battery capacity; cloudy days; and generator backup as one design","https://www.reddit.com/r/SolarDIY/comments/1vpwsm2/sanity_check_sizing_and_components_for_offgrid/",Australia,sizing,The buyer needs a load-led design check,One self-selected public discussion
C02,2026-09-01,public buyer question,"An Australian off-grid discussion weighs battery capacity; winter production; air-conditioning load; and retaining a backup generator","https://www.reddit.com/r/SigenergyAustralia/comments/1qpyhm8/can_i_go_offgrid_poke_holes_in_the_plan/",Australia,generator,Backup policy and seasonal load are major concerns,Community advice is not technical authority
C03,2026-09-01,public buyer question,"A rural Australian new-build owner compares a costly grid connection with a solar; battery; and generator system and asks what size is required","https://www.reddit.com/r/AusFinance/comments/14yg8mf/should_i_go_off_grid_for_power_advice_needed/",Australia,cost,The real buying decision can be grid connection versus complete off-grid system,Older discussion and no WA-specific volume
C04,2026-09-01,public buyer question,"An Australian renovation discussion asks whether solar; battery; and generator backup can be wired into one system","https://www.reddit.com/r/AusRenovation/comments/1i9axgf/ask_me_anything_on_solar_battery/",Australia,generator,Integration is a buyer question in plain language,One self-selected public discussion
P01,2026-09-01,first-party RENOZ evidence,"The rural product record serves farms; remote properties; pumps; workshops; and hybrid solar-battery-generator integrations","../../../../src/data/product-catalog.ts",Western Australia,system_package,RENOZ fits load-led rural and off-grid enquiries,Product scope is not a performance outcome
P02,2026-09-01,first-party RENOZ evidence,"The published Harvey record lists a 35.8 kWh gross RENOZ LV stack; 21 kWp solar; Selectronic SPMC482; Fronius Primo; and retained generator backup","../../../../src/data/guide-content/diesel-to-battery-wa-farms.ts",Harvey WA,proof,Use as precise local system evidence only,Does not prove savings or superiority
